epoch,train_loss,train_accuracy,val_loss,val_accuracy
1,6.527495490789414,0.07345576707726764,5.931167592048645,0.08708314606741573
2,5.917361845731735,0.09673460246360582,5.537173570632935,0.11020224719101124
3,5.602032244682312,0.10326539753639417,5.329363534927368,0.10426966292134832
4,5.384383669376374,0.10925419932810751,5.117500952720642,0.11338426966292135
5,5.208737803936005,0.11360358342665174,4.984016055107117,0.11969438202247192
6,5.073951821088791,0.11646584546472565,4.83156178855896,0.12391910112359551
