epoch,train_loss,val_loss,train_accuracy,val_accuracy
1,4.46039861702919,2.9718164616823195,0.28647633833073083,0.3943757950208977
