epoch,train_loss,val_loss,train_accuracy,val_accuracy
1,4.46039861702919,2.9718164616823195,0.28647633833073083,0.3943757950208977
2,2.9106226370334625,2.3055029466748236,0.3915209719201018,0.4607486825367981
3,2.376858143389225,1.9532297903299332,0.4434204944444946,0.5178084681083046
4,2.0215675196647642,1.6712343269586563,0.49570813513733064,0.5689169543885153
5,1.7515350418686866,1.4445014476776123,0.5416324430684802,0.6136652734871888
6,1.5534889599084853,1.3369233739376067,0.5820057585904992,0.6358804288569871
7,1.3908451674878597,1.1944445049762726,0.6160337933586664,0.6702707614028711
